symbol,model,horizon,task,rmse,mae,mape,r2,directional_accuracy
ADANIPORTS,linear_regression,1,regression,0.024273759573848596,0.017340298574266323,128.23174769973974,-0.025435826242979243,0.5155535224153706
ADANIPORTS,random_forest,1,regression,0.02514205712263716,0.018184999285143794,147.25830762542563,-0.10010974567298447,0.4954254345837146
ADANIPORTS,lightgbm,1,regression,0.027185570592321733,0.020072292726399536,222.8404098967881,-0.2862082769094536,0.494967978042086
ADANIPORTS,xgboost,1,regression,0.03243263387011597,0.020830867399764072,239.709869164556,-0.8306226572701219,0.5128087831655993
ADANIPORTS,linear_regression,5,regression,0.05386973734887713,0.04052345363639867,165.13252855441812,-0.09890373115194007,0.5396243701328447
ADANIPORTS,xgboost,5,regression,0.06604790566164453,0.050233541996362006,298.4072877717392,-0.6519162817795916,0.49748053137883647
ADANIPORTS,random_forest,5,regression,0.06653659903485529,0.049097450648638435,244.39969453433585,-0.6764520212949743,0.505267979844251
ADANIPORTS,lightgbm,5,regression,0.07652478782043959,0.05722455869524824,365.5952414014621,-1.2175539786828615,0.5061841502519469
ADANIPORTS,linear_regression,20,regression,0.10582040904150652,0.08270870545120543,240.54325926838933,-0.17208750750120605,0.5991716520938795
ADANIPORTS,random_forest,20,regression,0.1800843014352688,0.12332630863898635,495.3226046398402,-2.3944770464738343,0.5227795674183157
ADANIPORTS,lightgbm,20,regression,0.18242683195421797,0.11805164036109081,533.8072132495506,-2.4833619022387707,0.5526921306948919
ADANIPORTS,xgboost,20,regression,0.18816898727575843,0.12250137326944291,533.1678634918704,-2.7061010822834346,0.5398067188219052
ASIANPAINT,linear_regression,1,regression,0.023317388528410078,0.012983850112934237,113.97097897482288,-0.015529858476031055,0.5163636363636364
ASIANPAINT,random_forest,1,regression,0.02348749911891097,0.01316669987795106,118.4026186397537,-0.030401381154720353,0.5046153846153846
ASIANPAINT,lightgbm,1,regression,0.025021165339974245,0.014781807911721392,183.16327376211646,-0.1693592192251414,0.4934265734265734
ASIANPAINT,xgboost,1,regression,0.02797723112668383,0.014630853068113726,165.75984893706078,-0.4619830579137212,0.48671328671328673
ASIANPAINT,random_forest,5,regression,0.053229488677434954,0.031484786767202844,162.01640664322522,-0.08509146952876279,0.5274356103023516
ASIANPAINT,linear_regression,5,regression,0.05347016631540068,0.0317076938600074,180.75839467861118,-0.09492615593519682,0.5456326987681971
ASIANPAINT,lightgbm,5,regression,0.05741470512986448,0.034800769841081616,235.81259889812037,-0.2624321265675966,0.5408734602463606
ASIANPAINT,xgboost,5,regression,0.058331523137376835,0.03445595719566388,218.0644315878067,-0.30307194353214517,0.5319148936170213
ASIANPAINT,random_forest,20,regression,0.10434664983822273,0.0649851224008672,209.16051165500576,-0.061657141044783925,0.5956192080876158
ASIANPAINT,lightgbm,20,regression,0.10924996264622895,0.07095536692139835,264.21859924513416,-0.16377723973604263,0.5765234484695311
ASIANPAINT,xgboost,20,regression,0.1099688982507546,0.07156062003844547,253.3513257329182,-0.1791444549641268,0.547037349059253
ASIANPAINT,linear_regression,20,regression,0.12317633191354668,0.07873276736375602,321.87739656423673,-0.4793870035299779,0.6026397079472059
AXISBANK,random_forest,1,regression,0.03031541843909795,0.019632226367271282,134.36126312123713,-0.03056864533872594,0.5060139860139861
AXISBANK,xgboost,1,regression,0.03237107731694753,0.021410664552912316,191.6645912573462,-0.1750709694064665,0.5186013986013986
AXISBANK,lightgbm,1,regression,0.03289360262725969,0.022094495184621175,210.7556249741861,-0.2133125060726555,0.5085314685314686
AXISBANK,linear_regression,1,regression,0.038140763273709063,0.020713572857687483,143.9378137628392,-0.6312801466199622,0.49034965034965033
AXISBANK,random_forest,5,regression,0.07341177029694974,0.05091976171187726,222.5335283888869,-0.20149132247176849,0.5282754759238522
AXISBANK,xgboost,5,regression,0.08011905120278802,0.05585462237322928,305.2886800729731,-0.4310698750497646,0.520996640537514
AXISBANK,lightgbm,5,regression,0.08301213163308546,0.05876045499001096,333.19330678548636,-0.5362870743028034,0.5215565509518477
AXISBANK,linear_regression,5,regression,0.09133232136463841,0.053358864758180864,233.8572017920915,-0.8596800694795015,0.4876819708846585
AXISBANK,linear_regression,20,regression,0.15820392027155886,0.10590263412265419,298.20297435669494,-0.4462924366523948,0.5099691098006178
AXISBANK,random_forest,20,regression,0.16984636342764617,0.1212066435988527,359.9071904006673,-0.6669943899350244,0.5088458298230834
AXISBANK,xgboost,20,regression,0.1759005012045482,0.1258011124847879,397.5926435269465,-0.7879517176812736,0.5195169896096602
AXISBANK,lightgbm,20,regression,0.19709244739578288,0.13952172776981453,479.07864765964956,-1.2447170108961418,0.5127773097444538
BAJAJ-AUTO,random_forest,1,regression,0.016856963774520978,0.011952720660899243,127.88777829447926,-0.05445615316274255,0.5080875356803045
BAJAJ-AUTO,linear_regression,1,regression,0.01698562308740658,0.012161463476425724,137.0808440496203,-0.07061366930024371,0.4938154138915319
BAJAJ-AUTO,lightgbm,1,regression,0.017948285109017175,0.013024684807738586,182.1849051556639,-0.19540684355767968,0.5228353948620361
BAJAJ-AUTO,xgboost,1,regression,0.026835205903434273,0.0146162024318932,211.15188377917514,-1.6722659765723518,0.5347288296860133
BAJAJ-AUTO,random_forest,5,regression,0.039666248364067035,0.030036125929081278,199.5087553387312,-0.2128534057145175,0.5202477370176274
BAJAJ-AUTO,linear_regression,5,regression,0.040704221538512456,0.03121416373506691,212.06979133414868,-0.2771589910356931,0.49785612196283946
BAJAJ-AUTO,xgboost,5,regression,0.04530663078543619,0.03318870355669916,269.323852094867,-0.5823027861535843,0.5388280133396856
BAJAJ-AUTO,lightgbm,5,regression,0.048028317698025604,0.03537650969735365,301.88522879428274,-0.7781189397408366,0.5145307289185327
BAJAJ-AUTO,xgboost,20,regression,0.07581450771641883,0.05750677191288152,289.9067941460406,-0.13191098344051566,0.6208712302537099
BAJAJ-AUTO,random_forest,20,regression,0.07628533392614058,0.058730602261531976,286.1506397198,-0.14601351331059353,0.6127333652465294
BAJAJ-AUTO,lightgbm,20,regression,0.080764833413408,0.05998789280766654,288.2336392120616,-0.28455362395067785,0.6347534705600766
BAJAJ-AUTO,linear_regression,20,regression,0.09130137881782395,0.07124435959234898,327.38688799014346,-0.6415809661283687,0.5035902345619914
BAJAJFINSV,random_forest,1,regression,0.021944076036088694,0.015302346290290847,127.68737322469586,-0.03348311083191424,0.5226082817705854
BAJAJFINSV,linear_regression,1,regression,0.022555345416224105,0.01570304230076603,142.75339116390703,-0.09186199517946214,0.4902427415516421
BAJAJFINSV,lightgbm,1,regression,0.0244254243022789,0.017488520220717837,213.12407818140838,-0.2804216782971607,0.5197524988100904
BAJAJFINSV,xgboost,1,regression,0.024509380134635907,0.01767885541464148,219.54965136757232,-0.28923901679429354,0.5130890052356021
BAJAJFINSV,random_forest,5,regression,0.054615812417568604,0.040061117294468256,230.14738052873912,-0.20862354980676034,0.5533841754051477
BAJAJFINSV,linear_regression,5,regression,0.05977917444657365,0.042923603684666994,240.762783467939,-0.44795172261152305,0.5185891325071497
BAJAJFINSV,lightgbm,5,regression,0.06579156905692028,0.048769354484540686,359.6658019739783,-0.7538592743231509,0.5452812202097236
BAJAJFINSV,xgboost,5,regression,0.06646960349617459,0.04909417809716214,367.76755091368625,-0.7901953798154002,0.5471877979027645
BAJAJFINSV,random_forest,20,regression,0.12712334427132885,0.09410717421137825,342.92120972763894,-0.36714335327831504,0.5694444444444444
BAJAJFINSV,lightgbm,20,regression,0.1338966304520907,0.09879423984810476,367.57710303988966,-0.516710636558174,0.5924329501915708
BAJAJFINSV,linear_regression,20,regression,0.13410547083527868,0.10106359958763093,352.92926623650555,-0.5214455944046319,0.546455938697318
BAJAJFINSV,xgboost,20,regression,0.13936568444900488,0.10433388473009807,406.27320811585764,-0.6431421657524043,0.5660919540229885
BAJFINANCE,random_forest,1,regression,0.03159589201328309,0.018684482139880117,113.33384851737769,-0.018535140539320816,0.5024113475177305
BAJFINANCE,lightgbm,1,regression,0.034528940287146245,0.02168630100980653,209.66055695680464,-0.21641362253636665,0.4975886524822695
BAJFINANCE,xgboost,1,regression,0.03550095682186014,0.021916659478587706,202.86186200996488,-0.28586356918314726,0.4947517730496454
BAJFINANCE,linear_regression,1,regression,0.04470673414777233,0.023581015344079047,222.0867685873078,-1.0392039638591113,0.4845390070921986
BAJFINANCE,random_forest,5,regression,0.07572718152107909,0.047705373275123766,180.35741328171864,-0.10828391480528965,0.5187393526405452
BAJFINANCE,lightgbm,5,regression,0.085522723152605,0.05778450180971554,314.3923154985188,-0.41354775621362294,0.48722316865417375
BAJFINANCE,xgboost,5,regression,0.08616527621963485,0.05771012365085827,295.2682438560869,-0.4348682070829686,0.4934696195343555
BAJFINANCE,linear_regression,5,regression,0.15033736072176013,0.0858371679021821,571.1586897078528,-3.3679864955947023,0.48211243611584326
BAJFINANCE,random_forest,20,regression,0.1696476931334842,0.11604956422724191,240.02939065457696,-0.17606415559762034,0.5404328018223234
BAJFINANCE,lightgbm,20,regression,0.17747023718414753,0.12417634778874846,270.6760822004771,-0.28702254948751005,0.5128132118451025
BAJFINANCE,xgboost,20,regression,0.17877477740124598,0.12502190576813751,271.16449854682946,-0.306013266592267,0.5042710706150342
BAJFINANCE,linear_regression,20,regression,0.6830835467643188,0.3300212024790954,963.5776583445016,-18.067016663455302,0.4832004555808656
BHARTIARTL,random_forest,1,regression,0.024530161066373842,0.016692108246908754,114.57952925469507,-0.02013211109643187,0.5
BHARTIARTL,lightgbm,1,regression,0.026460470907776246,0.018213809063738536,174.96364852856627,-0.187000102396087,0.5087445346658338
BHARTIARTL,xgboost,1,regression,0.026534043302057348,0.018033388842664616,164.7232816937345,-0.19361010185029115,0.5162398500936914
BHARTIARTL,linear_regression,1,regression,0.027042820327551002,0.017259155739731906,134.0603956577284,-0.2398227011857348,0.504684572142411
BHARTIARTL,random_forest,5,regression,0.05211690666431399,0.036952701849127585,148.10766989752778,-0.06788343508610284,0.5054704595185996
BHARTIARTL,linear_regression,5,regression,0.055582168535362166,0.0386737230329865,178.36936734541064,-0.21461198391220715,0.5132854016880275
BHARTIARTL,lightgbm,5,regression,0.05641954173210081,0.04102585602882303,228.4747952974648,-0.2514851388461563,0.5151609878086902
BHARTIARTL,xgboost,5,regression,0.057885761376146726,0.042121307605098295,233.26526219679,-0.3173770344473412,0.5014066895904971
BHARTIARTL,random_forest,20,regression,0.10149428519054761,0.07501909765584464,194.06168634753638,-0.08000061146482595,0.5208529319535905
BHARTIARTL,lightgbm,20,regression,0.11075123536131,0.08183707658530037,272.11177763870603,-0.28599115429862065,0.5296331138287864
BHARTIARTL,xgboost,20,regression,0.11388958004789847,0.08430397610726689,274.45520010666564,-0.3599057371934644,0.5239887111947319
BHARTIARTL,linear_regression,20,regression,0.12312522284591058,0.08826476099353603,302.46142867004977,-0.5894061237884416,0.519912198181248
BPCL,random_forest,1,regression,0.027883199344398604,0.01804680586430667,112.71378569098334,-0.009711547930788988,0.4993006993006993
BPCL,linear_regression,1,regression,0.02795162202160285,0.018044590003664922,109.86889842275617,-0.014673097219010556,0.49538461538461537
BPCL,xgboost,1,regression,0.029126644045133265,0.01901360437251322,150.24529603153712,-0.10177525105491836,0.5116083916083916
BPCL,lightgbm,1,regression,0.029225773419390474,0.019365829379682342,161.86679022971578,-0.10928755816070046,0.5071328671328671
BPCL,linear_regression,5,regression,0.06289576560239646,0.04246641305732343,137.22915873855126,-0.030436359548799752,0.5030795072788354
BPCL,random_forest,5,regression,0.06319809130515214,0.04369209120004976,164.79254913999014,-0.040366316339379704,0.5030795072788354
BPCL,xgboost,5,regression,0.06612730875801975,0.04782956704072092,250.7684393345972,-0.13904283120375238,0.5055991041433371
BPCL,lightgbm,5,regression,0.06797930639329891,0.04924031683987255,260.256142597083,-0.2037375735484126,0.5086786114221724
BPCL,linear_regression,20,regression,0.12694674667213277,0.09450725513396718,228.88835055022562,-0.126016730263381,0.502106149957877
BPCL,random_forest,20,regression,0.13014774186750447,0.09686801825135427,235.76097897913706,-0.183518270938402,0.4948048301039034
BPCL,xgboost,20,regression,0.13142570651990212,0.09861168150951122,241.6574844730826,-0.20687511664722957,0.4939623701207526
BPCL,lightgbm,20,regression,0.13497347927965248,0.10074227895772378,264.5345023986787,-0.27291257964044147,0.4987363100252738
BRITANNIA,random_forest,1,regression,0.023046760199907382,0.012373789523358235,110.15830103254365,-0.011293847864427553,0.5013989927252378
BRITANNIA,xgboost,1,regression,0.02447927003352145,0.01389401726904444,177.84017680790615,-0.14091824543965692,0.5083939563514269
BRITANNIA,lightgbm,1,regression,0.02465634157641652,0.01402951159592046,182.13867178200056,-0.1574836763275047,0.5156687185226637
BRITANNIA,linear_regression,1,regression,0.03349349105734543,0.013322962279139384,172.88469990873608,-1.135887788700873,0.4974818130945719
BRITANNIA,random_forest,5,regression,0.05354037486258806,0.03186210581180943,161.96124778265892,-0.0828094037095346,0.49817978157378884
BRITANNIA,lightgbm,5,regression,0.0650535801396708,0.04194534224384658,324.46633284992237,-0.5985698159557178,0.486698403808457
BRITANNIA,xgboost,5,regression,0.06517334597187485,0.04211616695490935,325.3417195705862,-0.6044612759062673,0.4847381685802296
BRITANNIA,linear_regression,5,regression,0.08340339962572176,0.03468422139884369,189.0378436082462,-1.627584615318065,0.4836180341640997
BRITANNIA,random_forest,20,regression,0.12046996626373431,0.08207623862817832,236.5826086013619,-0.3702948574197793,0.4686885706262286
BRITANNIA,xgboost,20,regression,0.1554426201883227,0.1039069598739088,350.9473288764429,-1.28137494128296,0.4700926705981466
BRITANNIA,lightgbm,20,regression,0.1558903079791898,0.10522036939245048,349.2246623866772,-1.294534967589231,0.4695310306093794
BRITANNIA,linear_regression,20,regression,0.1608887766236512,0.10781228174063488,420.7452052657454,-1.4440379725844168,0.4597023308059534
CIPLA,random_forest,1,regression,0.018330721781998467,0.013120959823347897,106.70612103475786,-0.010190880545656755,0.5001398601398601
CIPLA,linear_regression,1,regression,0.018481485539078798,0.01322863067543235,112.42411051572596,-0.02687614608921618,0.49258741258741257
CIPLA,xgboost,1,regression,0.021442052695778667,0.014786948279181799,163.57797162795748,-0.3822195453989523,0.514965034965035
CIPLA,lightgbm,1,regression,0.02176412465016799,0.015392095649038921,186.33281558283508,-0.42405486243105606,0.5144055944055944
CIPLA,linear_regression,5,regression,0.04145810145344624,0.029768525456805032,137.72818865167974,-0.0749919488912918,0.511478163493841
CIPLA,random_forest,5,regression,0.04325567125912568,0.031096123181799513,152.84328804590345,-0.17023343855854,0.5081187010078387
CIPLA,lightgbm,5,regression,0.04802350047949575,0.03503608545651344,241.28954217792443,-0.4424275798958406,0.5081187010078387
CIPLA,xgboost,5,regression,0.05992815462999558,0.03521780882559771,212.8244182735087,-1.246198852163007,0.5022396416573348
CIPLA,linear_regression,20,regression,0.08220125657758212,0.060728004918485914,187.46445139813784,-0.08980653981543685,0.556866048862679
CIPLA,random_forest,20,regression,0.08689046454422467,0.06420106621096758,203.0257383896278,-0.21768998733991318,0.527379949452401
CIPLA,xgboost,20,regression,0.09370063460474255,0.06922020050050622,250.79787086997243,-0.41604665110984507,0.5088458298230834
CIPLA,lightgbm,20,regression,0.09633670161942377,0.0706712579642032,266.9495606782431,-0.4968422822479719,0.5085650098286998
COALINDIA,random_forest,1,regression,0.018699416936341737,0.013681990852783349,110.89499331434318,-0.0212739569566327,0.49672424061941634
COALINDIA,linear_regression,1,regression,0.018803671137564683,0.013743124441347348,114.22128399142204,-0.03269344731333268,0.5139964264443121
COALINDIA,xgboost,1,regression,0.019777281055112502,0.014677422205242954,153.130755715329,-0.14240290247394904,0.5002977963073257
COALINDIA,lightgbm,1,regression,0.02039592242760607,0.015236745932527626,174.7251312791896,-0.2149903545573375,0.49553305539011316
COALINDIA,linear_regression,5,regression,0.04264434665119326,0.032588497947171266,166.40554275312113,-0.08005445523591526,0.4958233890214797
COALINDIA,random_forest,5,regression,0.04298433559824365,0.03302874513239216,171.19357562010146,-0.09734492456376787,0.5065632458233891
COALINDIA,xgboost,5,regression,0.04619219723931044,0.03522566602279253,206.03181622233234,-0.2672431857455786,0.49105011933174225
COALINDIA,lightgbm,5,regression,0.04641261683602888,0.03583880845533262,225.00843803700428,-0.2793660848390598,0.49940334128878283
COALINDIA,linear_regression,20,regression,0.07906713167218403,0.06258098323229684,189.1001955314368,-0.1761402235260705,0.5408163265306123
COALINDIA,random_forest,20,regression,0.08418136614763137,0.06703178900475094,213.15279383162374,-0.3332115689742181,0.517406962785114
COALINDIA,xgboost,20,regression,0.08675730210723075,0.06917407194512143,227.79171023663704,-0.4160520310398872,0.5192076830732293
COALINDIA,lightgbm,20,regression,0.09320852700080873,0.07226155858013537,241.12710877693831,-0.6344755341687527,0.507202881152461
DRREDDY,random_forest,1,regression,0.018657920431085807,0.013205235495016582,109.60159308438809,-0.022826830664665287,0.48643356643356644
DRREDDY,linear_regression,1,regression,0.019302499563137992,0.013335140299211755,114.71760261953183,-0.09471921522207882,0.4976223776223776
DRREDDY,xgboost,1,regression,0.019845584345524806,0.014451457963191996,158.17415410902296,-0.157186665933291,0.4934265734265734
DRREDDY,lightgbm,1,regression,0.020540677844827136,0.015049903518334977,182.97594098132777,-0.23966740160190603,0.48727272727272725
DRREDDY,random_forest,5,regression,0.04380399282052984,0.03194119073158585,146.55502801444896,-0.09093016967421175,0.480963045912654
DRREDDY,linear_regression,5,regression,0.050448385946845996,0.032074209605424994,145.5530779848826,-0.4469852560906844,0.5173572228443449
DRREDDY,xgboost,5,regression,0.05186627345520081,0.038923798099368356,276.73888394645803,-0.5294653588497045,0.4868421052631579
DRREDDY,lightgbm,5,regression,0.05288318908772725,0.04019736157424977,303.407924988849,-0.5900282056113657,0.49272116461366183
DRREDDY,linear_regression,20,regression,0.09309817369129893,0.06816569508335651,158.27061719751134,-0.17670171896901699,0.4934007301319854
DRREDDY,random_forest,20,regression,0.10159958618210267,0.07574414568230299,227.0343317266272,-0.401418812113677,0.5018253299634934
DRREDDY,xgboost,20,regression,0.10785070870222999,0.08312206275416813,273.5884274057465,-0.5791743140670498,0.4644762707104746
DRREDDY,lightgbm,20,regression,0.10875344857988375,0.08364264292810292,295.218781254048,-0.6057211936636553,0.485256950294861
EICHERMOT,random_forest,1,regression,0.02923287126164303,0.017518582928057226,124.68908159034866,-0.010694493917380976,0.5060207224866984
EICHERMOT,lightgbm,1,regression,0.03164520688426582,0.020251880308761527,215.836987094032,-0.18438481403801021,0.5074208905068608
EICHERMOT,xgboost,1,regression,0.032480976560466696,0.02078675189336047,223.54681513122134,-0.2477716325910262,0.5093811257350882
EICHERMOT,linear_regression,1,regression,0.04016066160284449,0.023282118037082324,257.54753811183,-0.907562029949035,0.5029403528423411
EICHERMOT,random_forest,5,regression,0.06937605214253507,0.04530128709820098,176.93748815298395,-0.05589792077817468,0.5397982062780269
EICHERMOT,xgboost,5,regression,0.0766360172940871,0.051840957645227406,271.2164188456792,-0.28845312448747773,0.5218609865470852
EICHERMOT,lightgbm,5,regression,0.07743324258480236,0.05294239061469688,286.14642134158265,-0.31539946747067393,0.5162556053811659
EICHERMOT,linear_regression,5,regression,0.14068201823733228,0.08231020843168053,567.5480223447496,-3.341901328689689,0.5232623318385651
EICHERMOT,random_forest,20,regression,0.14638789136664024,0.10439366049593893,280.22397792939023,-0.20380976811514384,0.5354131534569984
EICHERMOT,xgboost,20,regression,0.157834906960614,0.11500796516075418,336.89394045336246,-0.39943802449288635,0.5056211354693648
EICHERMOT,lightgbm,20,regression,0.15844511481330206,0.11543738331491245,314.1078484547431,-0.41027971748672787,0.4716132658797077
EICHERMOT,linear_regression,20,regression,0.3008359602283361,0.1835023214244541,814.6507458490166,-4.084017644411332,0.4938167509836987
GAIL,random_forest,1,regression,0.02515615542877009,0.01600021507775551,113.27735897074096,-0.018971856332358872,0.5113432835820896
GAIL,linear_regression,1,regression,0.025536609963661,0.016174928699678296,118.33355646575194,-0.0500262031522023,0.5014925373134328
GAIL,xgboost,1,regression,0.028826328864413924,0.017769340161596626,165.94816810042693,-0.3379883261708765,0.5074626865671642
GAIL,lightgbm,1,regression,0.028992755662811422,0.018525859681517154,189.43849815916082,-0.3534824891534032,0.5068656716417911
GAIL,random_forest,5,regression,0.05496507537215278,0.03668475713553322,150.332463477499,-0.02215090210221682,0.5297281147296086
GAIL,linear_regression,5,regression,0.05806769633883051,0.03803622523773145,159.74836076627065,-0.14080273754901462,0.5100089632506722
GAIL,lightgbm,5,regression,0.06315211550426941,0.045331086706801874,295.52561987119316,-0.3493268653043178,0.523453839259038
GAIL,xgboost,5,regression,0.06466696237564538,0.045773948039489976,293.36367374483206,-0.41483659010206475,0.5297281147296086
GAIL,random_forest,20,regression,0.11178871943035774,0.07833663867870365,235.97551956051132,-0.14830173435214666,0.5415043452202577
GAIL,xgboost,20,regression,0.1131247633162913,0.08050120547671569,280.6068473454866,-0.17591363314336728,0.5681750074917591
GAIL,lightgbm,20,regression,0.11876579294175744,0.08646082563112233,318.06428446601717,-0.2961128121240857,0.5555888522625112
GAIL,linear_regression,20,regression,0.12839067683452246,0.0887180516049148,271.6154572646118,-0.5147014284305267,0.5301168714414144
GRASIM,random_forest,1,regression,0.024821509645520795,0.014651941574360106,112.51878175097538,-0.016787440878880622,0.50993006993007
GRASIM,linear_regression,1,regression,0.02531117023277039,0.015104366411524534,138.61319370250447,-0.05730001695361708,0.5026573426573426
GRASIM,xgboost,1,regression,0.026264548062397093,0.015919614907405254,156.32849348680944,-0.13844919461875294,0.5006993006993007
GRASIM,lightgbm,1,regression,0.026545044418256804,0.016235043758593023,172.35985963707435,-0.16289553358353337,0.5102097902097902
GRASIM,random_forest,5,regression,0.058057757124400436,0.03729477046251236,184.87547302607098,-0.07620068966818261,0.5218365061590146
GRASIM,linear_regression,5,regression,0.06158190317538721,0.03828377927081487,206.7402705856392,-0.21081828463640484,0.5257558790593505
GRASIM,lightgbm,5,regression,0.062068035683082584,0.04112489557028997,250.01331299218435,-0.23001033288700756,0.5193169092945129
GRASIM,xgboost,5,regression,0.06221555044447036,0.04112612393062418,236.99820114584887,-0.23586391904060866,0.511478163493841
GRASIM,xgboost,20,regression,0.13942496464936485,0.10021938193352029,327.46394175139113,-0.38088820539244583,0.4762707104745858
GRASIM,random_forest,20,regression,0.14062381540358232,0.10120104945926735,299.9761980543469,-0.40473753853115024,0.4945240101095198
GRASIM,lightgbm,20,regression,0.1412951646244166,0.10131261235929956,322.6996854638551,-0.41818221137473643,0.493681550126369
GRASIM,linear_regression,20,regression,0.14187127673120797,0.0930100162386861,295.1302181275414,-0.42977068452502754,0.5296265094074698
HCLTECH,linear_regression,1,regression,0.027860750897998523,0.017016597344525396,129.72450398146424,-0.023156073070996985,0.5019607843137255
HCLTECH,random_forest,1,regression,0.02787107316425283,0.016971714925114203,123.9352020996328,-0.02391436173999817,0.5170868347338936
HCLTECH,lightgbm,1,regression,0.032969860858521965,0.021052405517655432,242.88461968603684,-0.43281619109100444,0.5089635854341736
HCLTECH,xgboost,1,regression,0.040578815853716386,0.02244504533331416,270.76978186483893,-1.170476014943283,0.511204481792717
HCLTECH,linear_regression,5,regression,0.06351583529267969,0.04107362925959493,190.38070242667848,-0.1353252230092863,0.5353139013452914
HCLTECH,random_forest,5,regression,0.06650458277695138,0.04426062552445546,218.46411930770563,-0.24468485510206994,0.5190582959641256
HCLTECH,xgboost,5,regression,0.06874209064264934,0.046636881725557626,280.27242740940596,-0.3298471628107784,0.5134529147982063
HCLTECH,lightgbm,5,regression,0.08145329641308566,0.05526446530433459,371.9195656670051,-0.8671258365285892,0.4991591928251121
HCLTECH,random_forest,20,regression,0.1438498592656384,0.0971210702049486,317.74795909421994,-0.5088059072251825,0.517289850998032
HCLTECH,linear_regression,20,regression,0.14762898694397603,0.09956185838397462,400.09294291795084,-0.5891239468208789,0.564520663480461
HCLTECH,xgboost,20,regression,0.1490108840905766,0.10628498782992504,382.3686372805562,-0.6190135216104182,0.48748945740792804
HCLTECH,lightgbm,20,regression,0.16456013419878768,0.11275600937985457,437.71121411797634,-0.9745301008972818,0.5054821478774248
HDFC,linear_regression,1,regression,0.026568817623370038,0.016325370806511846,120.75085789638837,-0.04130244728854948,0.5155244755244756
HDFC,random_forest,1,regression,0.026673895797914363,0.01676217555299209,142.0533506854494,-0.049555319748949334,0.5054545454545455
HDFC,lightgbm,1,regression,0.029662830013229374,0.01907598544071501,213.88190523911427,-0.2979489148582808,0.5082517482517482
HDFC,xgboost,1,regression,0.03860604925260086,0.022921088934085267,290.2133810158268,-1.1985844627384208,0.5172027972027972
HDFC,random_forest,5,regression,0.06053669399811443,0.04043851042200964,222.50583538734557,-0.1710691483486,0.515397536394177
HDFC,linear_regression,5,regression,0.061794402904489204,0.038429768757947305,183.94191536580195,-0.22023483924467313,0.555431131019037
HDFC,xgboost,5,regression,0.06829337635705154,0.04550200191274891,299.2955244828825,-0.49039817063508306,0.5139977603583427
HDFC,lightgbm,5,regression,0.06907427181183844,0.04653713508492769,305.42163367989536,-0.5246767249983533,0.5187569988801791
HDFC,linear_regression,20,regression,0.1293690336246361,0.08343933807042958,270.12967644007733,-0.634422765394735,0.5360853692782926
HDFC,random_forest,20,regression,0.1351452974806666,0.09285159647197715,390.84719052447144,-0.7836334643348211,0.48076383038472337
HDFC,xgboost,20,regression,0.1434503879545526,0.09689139384328031,424.5350220879188,-1.0095887416628448,0.4953664700926706
HDFC,lightgbm,20,regression,0.14568629516922965,0.09828926497701644,444.5900067634568,-1.0727223638151893,0.4928390901432182
HDFCBANK,random_forest,1,regression,0.02539877878367294,0.014418576051176423,163.22469239527092,-0.07812117825617859,0.513006993006993
HDFCBANK,lightgbm,1,regression,0.029713507734153634,0.01860316003645089,291.1826049877689,-0.47553581172312365,0.5071328671328671
HDFCBANK,xgboost,1,regression,0.030766814734628525,0.01762967157212527,251.65227312322838,-0.5820018208616333,0.507972027972028
HDFCBANK,linear_regression,1,regression,0.06015623846862966,0.015914482082180995,188.65106773555215,-5.047881188451936,0.5110489510489511
HDFCBANK,random_forest,5,regression,0.062529240288828,0.04125501258490127,335.0054920380966,-0.36228475985162834,0.5333146696528556
HDFCBANK,xgboost,5,regression,0.0740385483463508,0.049367327527580065,452.4063124626852,-0.9099297076008936,0.5240761478163494
HDFCBANK,lightgbm,5,regression,0.07793917068819589,0.05549181232263876,538.685847463563,-1.116475056543258,0.5193169092945129
HDFCBANK,linear_regression,5,regression,0.09701213170589802,0.03838392867981151,288.38332668514414,-2.279092660955361,0.541993281075028
HDFCBANK,xgboost,20,regression,0.14438021909889154,0.10274945607154297,518.2555277296315,-0.911050275127671,0.5388935692221286
HDFCBANK,linear_regression,20,regression,0.15232445284316748,0.08690115322256232,368.5521548694564,-1.1271395032538019,0.5622016287559675
HDFCBANK,random_forest,20,regression,0.16169644628650706,0.11529943422488162,551.4772946463429,-1.3969427976473097,0.5366470092670598
HDFCBANK,lightgbm,20,regression,0.16615249630058715,0.11839444564976961,607.8539050450768,-1.5308736285896534,0.5374894692502106
HEROMOTOCO,random_forest,1,regression,0.019863649830548204,0.014008241253826772,106.15585332855038,-0.00971864265004041,0.5107692307692308
HEROMOTOCO,linear_regression,1,regression,0.020045854025736436,0.014186628633353232,118.16641939174576,-0.02832738293542847,0.5211188811188812
HEROMOTOCO,xgboost,1,regression,0.023422587715973102,0.015475962177512594,156.1260797807617,-0.40395123004239686,0.5102097902097902
HEROMOTOCO,lightgbm,1,regression,0.02518920885273287,0.016993595432373606,196.63841170633094,-0.6237207035095849,0.5065734265734265
HEROMOTOCO,random_forest,5,regression,0.044138922387589694,0.03337547987130872,157.61551418829507,-0.1037972005848824,0.5083986562150056
HEROMOTOCO,linear_regression,5,regression,0.046621505836410455,0.0352958861231094,191.16892845592608,-0.23145466914816448,0.5145576707726763
HEROMOTOCO,xgboost,5,regression,0.050350910545293545,0.03768894367960694,228.4771236954071,-0.43635071090114064,0.5109182530795073
HEROMOTOCO,lightgbm,5,regression,0.05196861617623479,0.038930429947084615,245.89397606305488,-0.5301293348873133,0.5215565509518477
HEROMOTOCO,random_forest,20,regression,0.09057532567365245,0.07052936599643839,229.42545602302374,-0.3180689752297461,0.5172704296545914
HEROMOTOCO,lightgbm,20,regression,0.09397529002740981,0.07339767412989863,257.6135875943047,-0.41888003758745973,0.516147149677057
HEROMOTOCO,xgboost,20,regression,0.09650270128272044,0.0744364383435678,260.3427029135311,-0.4962262491926235,0.5113732097725358
HEROMOTOCO,linear_regression,20,regression,0.09697823666730926,0.07519219085248234,282.08619992639495,-0.5110084586445869,0.495085650098287
HINDALCO,linear_regression,1,regression,0.028984024971059813,0.021244939308445853,108.83987482988904,-0.009223988026840546,0.4979020979020979
HINDALCO,random_forest,1,regression,0.029037820797773513,0.021229752001132102,109.21031230442055,-0.01297380698567685,0.49454545454545457
HINDALCO,xgboost,1,regression,0.030477039141641682,0.02219705447402549,145.49264703947537,-0.1158754421226802,0.5104895104895105
HINDALCO,lightgbm,1,regression,0.03071825572349692,0.022460265997687908,158.58647588825352,-0.1336089791065198,0.504055944055944
HINDALCO,random_forest,5,regression,0.06704786013798676,0.04991952240802045,131.47236386637516,-0.03698493416378934,0.5310750279955208
HINDALCO,linear_regression,5,regression,0.06726077995946557,0.0503079258445901,136.43170315144602,-0.043581572108251754,0.5195968645016797
HINDALCO,lightgbm,5,regression,0.07119075918362981,0.053090186002168346,191.32510520655083,-0.16909513155704636,0.524636058230683
HINDALCO,xgboost,5,regression,0.07282489113434987,0.05369723426507353,199.11230456938938,-0.2233825780940677,0.5257558790593505
HINDALCO,random_forest,20,regression,0.13896682321481066,0.10448585249100857,181.34208954723192,-0.11259261132546983,0.5641673687166526
HINDALCO,linear_regression,20,regression,0.1400031134349925,0.10634251169146486,163.47525988013786,-0.12924792113778527,0.5085650098286998
HINDALCO,lightgbm,20,regression,0.1487205209209674,0.11160371335914693,244.5751926867112,-0.27425312730577134,0.5388935692221286
HINDALCO,xgboost,20,regression,0.15003149319092143,0.11307169766981681,232.98613421850806,-0.29681723997072096,0.5355237292895254
HINDUNILVR,random_forest,1,regression,0.017010283549183106,0.012102848370229681,107.64112031822253,-0.005638085345140764,0.49846153846153846
HINDUNILVR,linear_regression,1,regression,0.01726547196045899,0.012354356102469311,123.62770005322714,-0.03603759586761157,0.4995804195804196
HINDUNILVR,xgboost,1,regression,0.0176239717276237,0.012695293178465234,144.318957092483,-0.0795087858785859,0.5048951048951049
HINDUNILVR,lightgbm,1,regression,0.018273008481444274,0.013180896518854365,164.6178820009742,-0.16048282680849746,0.5074125874125874
HINDUNILVR,linear_regression,5,regression,0.03741059675170331,0.0279029138647367,166.2454555639941,-0.05513912222462891,0.5058790593505039
HINDUNILVR,random_forest,5,regression,0.0374875372679692,0.027864558529043112,161.58790591688302,-0.05948368971736406,0.5078387458006719
HINDUNILVR,xgboost,5,regression,0.04005879578715998,0.03040067994112277,232.43582184665397,-0.2098073922270247,0.49272116461366183
HINDUNILVR,lightgbm,5,regression,0.04089247053988205,0.030869697618066325,235.52059808268334,-0.26068664804593045,0.4935610302351624
HINDUNILVR,linear_regression,20,regression,0.07197372975631114,0.05661592814141226,182.48205588917412,-0.15751724210382312,0.5195169896096602
HINDUNILVR,random_forest,20,regression,0.07622192244242221,0.059451364015018805,239.07559399452327,-0.2981929536172634,0.5181128896377422
HINDUNILVR,xgboost,20,regression,0.07998578738977503,0.0625043910839655,281.4383927385961,-0.4295689274586778,0.514743049705139
HINDUNILVR,lightgbm,20,regression,0.08035471272918314,0.06301984338977616,293.8068622450065,-0.44278678815476913,0.5192361696152766
ICICIBANK,random_forest,1,regression,0.02993649596416492,0.019127012354327434,122.93965356878573,-0.0235364508021354,0.5048951048951049
ICICIBANK,xgboost,1,regression,0.03210655939807965,0.020981064006173125,177.44223780859443,-0.17730481312402868,0.5020979020979021
ICICIBANK,lightgbm,1,regression,0.03414822841567424,0.022872442546085985,224.93272046654943,-0.331796099358052,0.4993006993006993
ICICIBANK,linear_regression,1,regression,0.05106390269503872,0.020200068676060248,144.94263805927977,-1.9780322106698018,0.5048951048951049
ICICIBANK,random_forest,5,regression,0.07363249044759922,0.04926477523479926,203.54403117145122,-0.1852623142533525,0.5198768197088466
ICICIBANK,linear_regression,5,regression,0.07740577035231078,0.0496773176523239,214.8111117272316,-0.30985182931617006,0.5159574468085106
ICICIBANK,xgboost,5,regression,0.08324125734788762,0.05781457550984344,318.8771670837335,-0.5147911521413813,0.5011198208286675
ICICIBANK,lightgbm,5,regression,0.09014241838096398,0.06330015552029195,366.4534602530259,-0.7763719522498289,0.5075587905935051
ICICIBANK,linear_regression,20,regression,0.15828804123128487,0.10730626165795235,404.9874086090174,-0.4786422325092259,0.5509688289806234
ICICIBANK,xgboost,20,regression,0.162132864156214,0.11498004744022078,368.4774469802588,-0.5513471996847397,0.5234484695310306
ICICIBANK,lightgbm,20,regression,0.1763125153649455,0.12350681722146775,432.80500015100876,-0.834565318731809,0.5436675091266499
ICICIBANK,random_forest,20,regression,0.17937714562889961,0.1285304749390121,480.920130960916,-0.898895714619679,0.5447907891041842
INDUSINDBK,random_forest,1,regression,0.02973202153054421,0.01941496525921349,113.92678699030279,-0.014065146765848802,0.5128358208955224
INDUSINDBK,linear_regression,1,regression,0.031265482719984826,0.020885124121374738,157.53158440435197,-0.12136566855627762,0.508955223880597
INDUSINDBK,xgboost,1,regression,0.03276583213051949,0.02153574086920298,176.8643865587914,-0.23157079850884354,0.5068656716417911
INDUSINDBK,lightgbm,1,regression,0.03331574198727492,0.022451340066261285,209.51976879314765,-0.27325666785119185,0.49701492537313435
INDUSINDBK,random_forest,5,regression,0.06918198560008253,0.04602490284770146,142.11851259871577,-0.07991276443847628,0.5115028383627129
INDUSINDBK,xgboost,5,regression,0.07405875715387217,0.04991523325660032,206.98079014003133,-0.23752923769514545,0.5085150881386317
INDUSINDBK,linear_regression,5,regression,0.07666684823288211,0.051921924935159146,221.6439345568808,-0.3262269502452717,0.5082163131162235
INDUSINDBK,lightgbm,5,regression,0.07781098858593295,0.053956698401164495,271.110282750678,-0.3661063039841772,0.49417388706304155
INDUSINDBK,random_forest,20,regression,0.1445094719516073,0.09704766151962306,199.0653665176412,-0.20153279886472664,0.5235241234641894
INDUSINDBK,xgboost,20,regression,0.1532783389084826,0.10790327677557449,272.0725649604295,-0.3517755060051171,0.48996104285286185
INDUSINDBK,lightgbm,20,regression,0.15897619098598517,0.1097120283470308,279.8426477736705,-0.45414319995593555,0.4941564279292778
INDUSINDBK,linear_regression,20,regression,0.17057201542113182,0.11925863810637695,341.7056713357096,-0.6740119897361074,0.5340125861552293
INFY,random_forest,1,regression,0.024333472203640422,0.013728478384532082,108.6041368013416,-0.007387040242791354,0.5216783216783217
INFY,linear_regression,1,regression,0.02502342952669529,0.01456711592744638,144.50734007762495,-0.06532434796369069,0.5160839160839161
INFY,lightgbm,1,regression,0.02587966150090913,0.01550170855122554,176.37478221657088,-0.13947650492140373,0.5107692307692308
INFY,xgboost,1,regression,0.027835420329403844,0.015544095980547323,163.5834846771619,-0.3182074421429004,0.502937062937063
INFY,random_forest,5,regression,0.053987231760071586,0.03299204701008014,160.3412796839818,-0.061342438254238685,0.5240761478163494
INFY,xgboost,5,regression,0.06002122018318574,0.039493746492418304,284.14267957824717,-0.31184659275118687,0.5058790593505039
INFY,lightgbm,5,regression,0.060087782192272815,0.04005593627506736,292.53848641131583,-0.3147578152127788,0.5198768197088466
INFY,linear_regression,5,regression,0.06075256875291609,0.038627349048633026,251.4779110175527,-0.3440106272483121,0.5559910414333706
INFY,random_forest,20,regression,0.11859089881271932,0.0806639299945443,266.3250025468254,-0.30896792604978596,0.5088458298230834
INFY,xgboost,20,regression,0.12128605165517323,0.08557052667192004,303.3733003576362,-0.3691404463288277,0.497893850042123
INFY,lightgbm,20,regression,0.12196149515344311,0.08551559646333055,310.76596193513564,-0.3844324283375897,0.503510249929795
INFY,linear_regression,20,regression,0.13232584402754752,0.08972558810204752,348.852409265263,-0.6297298845854182,0.5714686885706263
IOC,random_forest,1,regression,0.026711693897166412,0.016442055178452424,112.86727449174747,-0.007901844629697896,0.4998601398601399
IOC,linear_regression,1,regression,0.027405228416665508,0.017293528540383407,147.3164460554203,-0.060919016058819775,0.5060139860139861
IOC,xgboost,1,regression,0.028246802192885993,0.017538542301730495,150.31155479158517,-0.127077964089634,0.5037762237762238
IOC,lightgbm,1,regression,0.028409204543113253,0.018039780364728634,172.43605082650097,-0.14007527932628538,0.5037762237762238
IOC,random_forest,5,regression,0.061809780983536275,0.040347569829158554,159.74057453283405,-0.03945216425599285,0.5075587905935051
IOC,xgboost,5,regression,0.06619730105802077,0.04412321973342489,230.45896256803232,-0.19225915133497784,0.5041993281075028
IOC,lightgbm,5,regression,0.06749276282680766,0.04600088353287785,263.3411226788211,-0.23938007880510148,0.5078387458006719
IOC,linear_regression,5,regression,0.0693934559329803,0.04709991204620977,268.1069975757868,-0.31016843458374654,0.5187569988801791
IOC,xgboost,20,regression,0.1324082142747733,0.09868035348612732,320.2881689498343,-0.21717499632533466,0.495085650098287
IOC,random_forest,20,regression,0.135136159181093,0.09852850705102437,331.40193801599816,-0.26784542546707457,0.5023869699522606
IOC,lightgbm,20,regression,0.13579622350493795,0.10165336425927159,344.2176090497429,-0.28026110063867327,0.4919966301600674
IOC,linear_regression,20,regression,0.1500379217360397,0.11083523168975296,388.4291334528493,-0.5628786018298138,0.5293456894130862
ITC,random_forest,1,regression,0.020575762806712562,0.012999739150873072,112.00964326388352,-0.009253549588757792,0.5236363636363637
ITC,linear_regression,1,regression,0.0208058294591813,0.013220435132460746,120.25815941999467,-0.031949546652580096,0.5068531468531469
ITC,lightgbm,1,regression,0.02214160362104164,0.014729153598758303,187.68087729772154,-0.1687094062017811,0.5048951048951049
ITC,xgboost,1,regression,0.022864074090378564,0.014341747354025648,167.51528019162174,-0.24622263039823178,0.5096503496503496
ITC,random_forest,5,regression,0.04421598744782874,0.029715883355196628,162.26482302593718,-0.030618344952670462,0.5344344904815229
ITC,linear_regression,5,regression,0.04538614563891838,0.030739134091768087,183.0129043651061,-0.08588995781328945,0.5081187010078387
ITC,xgboost,5,regression,0.048272747631815674,0.0335421420132074,247.50563458154065,-0.22840973698493316,0.5159574468085106
ITC,lightgbm,5,regression,0.04854850403039216,0.03461114486331263,270.85786551479896,-0.2424843189070487,0.5117581187010078
ITC,linear_regression,20,regression,0.08542716134293515,0.061544080127784576,242.53443013978858,-0.10761886435749535,0.5697837686043247
ITC,xgboost,20,regression,0.10244814169640565,0.07214057398458255,332.906014128849,-0.5929662084733576,0.535804549283909
ITC,lightgbm,20,regression,0.10493616185369709,0.07394941882821272,341.0539178425245,-0.6712781822404577,0.5335579893288402
ITC,random_forest,20,regression,0.10527910411815841,0.07069713339378364,298.0957244970402,-0.6822198533326498,0.5461948890761023
JSWSTEEL,random_forest,1,regression,0.030317606155897424,0.018509301839027017,117.3893435422044,-0.021900413494225113,0.5109186746987951
JSWSTEEL,lightgbm,1,regression,0.03278648016348086,0.0208965993288658,181.66398822937967,-0.19511129482941003,0.5207078313253012
JSWSTEEL,xgboost,1,regression,0.0338041770133162,0.021080086947066277,181.96423039829654,-0.2704556104181024,0.5304969879518072
JSWSTEEL,linear_regression,1,regression,0.04313562146467803,0.019733345385161142,146.04209067336217,-1.0686683973098678,0.5120481927710844
JSWSTEEL,random_forest,5,regression,0.06927358313108503,0.044581630910139,177.51308740254058,-0.11359118664616319,0.5390124387485865
JSWSTEEL,linear_regression,5,regression,0.07533965306945366,0.04880066443085455,247.01672977297565,-0.31715751319669305,0.5446664153788164
JSWSTEEL,lightgbm,5,regression,0.07761332052010585,0.05082260302233315,279.3952693015375,-0.39785785063153734,0.555220505088579
JSWSTEEL,xgboost,5,regression,0.08126712852581543,0.05318067656751568,287.3268865674149,-0.5325699682487928,0.5375047116471918
JSWSTEEL,random_forest,20,regression,0.1634594023142582,0.11458167387904941,295.87159381246715,-0.4219220363941647,0.5073779795686719
JSWSTEEL,xgboost,20,regression,0.16892048748420396,0.12151472443820367,365.93786148682324,-0.5185203758458716,0.5157018539538404
JSWSTEEL,lightgbm,20,regression,0.18213311886433708,0.12723564596355277,369.989888032804,-0.7653621897964331,0.5236473704124102
JSWSTEEL,linear_regression,20,regression,0.21343890324680306,0.1334648513282228,481.9218605044008,-1.424393622208191,0.5437003405221339
KOTAKBANK,random_forest,1,regression,0.027665146954310264,0.01771856853684498,141.07910747060006,-0.037148364333862816,0.5065671641791045
KOTAKBANK,linear_regression,1,regression,0.028654857637528786,0.017897033381198482,138.73808281027172,-0.11268295212890278,0.4886567164179105
KOTAKBANK,lightgbm,1,regression,0.034168945953764615,0.023199240689756956,300.8047116913034,-0.5821151436132534,0.502089552238806
KOTAKBANK,xgboost,1,regression,0.04211190735661336,0.026524283939242724,352.8125750346056,-1.403171407310564,0.5029850746268657
KOTAKBANK,random_forest,5,regression,0.07040113054659398,0.048814233200573244,304.56718530333336,-0.26144313604752956,0.5052285628921422
KOTAKBANK,linear_regression,5,regression,0.07521403709306024,0.047478347044057366,254.608083476295,-0.4398133998721492,0.4867045115028384
KOTAKBANK,lightgbm,5,regression,0.08511399473405924,0.05977652856955398,452.12247943074635,-0.8437853481293836,0.5010457125784284
KOTAKBANK,xgboost,5,regression,0.09216831869725907,0.06355468710816045,499.31425088348806,-1.1620799123884704,0.497759187331939
KOTAKBANK,random_forest,20,regression,0.1658379391693519,0.12061223206158356,445.21431173280445,-0.7782681667457225,0.5091399460593348
KOTAKBANK,xgboost,20,regression,0.18017083552663887,0.12999784478335158,484.6578512280183,-1.0989324155220128,0.5064429127959245
KOTAKBANK,lightgbm,20,regression,0.18118861862632368,0.127938020187741,466.83042056296716,-1.1227130877115665,0.5130356607731495
KOTAKBANK,linear_regression,20,regression,0.19494253894735514,0.12974914199860077,420.8335302603194,-1.4572124424097415,0.46059334731795026
LT,random_forest,1,regression,0.020831579722968258,0.013942378137969573,117.12180008852869,-0.025367451507112504,0.5173897454284689
LT,linear_regression,1,regression,0.020836638121653334,0.013997863003351567,115.57099330103344,-0.025865478749024673,0.49766941556113303
LT,xgboost,1,regression,0.022006217026963495,0.014791904279831743,148.42119561448587,-0.14426311975613326,0.5163140910720688
LT,lightgbm,1,regression,0.023128687638222956,0.015710034126141064,174.15703075295687,-0.2639709683704776,0.5184653997848692
LT,linear_regression,5,regression,0.04973732617007784,0.035229230472151415,165.47559722221422,-0.11347516683370196,0.5028715003589376
LT,random_forest,5,regression,0.05213895606948339,0.03800942810506833,218.51281907564427,-0.223602427522676,0.48025843503230436
LT,xgboost,5,regression,0.06269053421157625,0.045302109855672734,319.2995130956847,-0.7689664994326781,0.4971284996410625
LT,lightgbm,5,regression,0.0631877698488964,0.045199806948293134,306.156335033218,-0.7971392206342243,0.49353912419239054
LT,linear_regression,20,regression,0.11994552637849772,0.09101996179950464,327.78969748844025,-0.47547103388176604,0.5338616714697406
LT,random_forest,20,regression,0.12052639528318605,0.09138411714787328,328.23978757641174,-0.48979637857948677,0.4877521613832853
LT,xgboost,20,regression,0.1296886889217977,0.09782949249442217,363.5009516152675,-0.7249113433788716,0.5068443804034583
LT,lightgbm,20,regression,0.138029947828728,0.10359010174700528,429.45627697811693,-0.9539310136524273,0.5136887608069164
MARUTI,random_forest,1,regression,0.0190319635114064,0.013448654332729555,111.15519770999367,-0.012448178011567945,0.502196688070294
MARUTI,linear_regression,1,regression,0.019178055496698026,0.01364000716756856,122.66884529930773,-0.028051219202815947,0.5082798242649543
MARUTI,xgboost,1,regression,0.020224470050166747,0.014562509817706293,163.30152941632994,-0.14329923072084805,0.5109834403514701
MARUTI,lightgbm,1,regression,0.020744903576186996,0.01502854028541302,180.56237091797078,-0.2028970268624959,0.4971274079080771
MARUTI,random_forest,5,regression,0.04418760591260942,0.03322796588839204,152.1624400230678,-0.0867393122977862,0.5052417991207304
MARUTI,linear_regression,5,regression,0.04555994395511768,0.034444733556564126,180.3265365054621,-0.15528941932247786,0.5194453838349679
MARUTI,xgboost,5,regression,0.04892654968478497,0.03754978622277223,259.87952947919825,-0.33233554380674235,0.5103145079472439
MARUTI,lightgbm,5,regression,0.051605963423875446,0.04018529828057285,285.84907722006636,-0.4822594029332372,0.49509638146770374
MARUTI,random_forest,20,regression,0.0935899815357495,0.07197783806398468,188.95215873436263,-0.1840769515993581,0.5112016293279023
MARUTI,linear_regression,20,regression,0.09558781304817274,0.07537757528766748,204.62909103479222,-0.23516863609706928,0.4952477936184657
MARUTI,lightgbm,20,regression,0.10325328349899952,0.08062646906428779,244.01524737949254,-0.4412155753620355,0.4959266802443992
MARUTI,xgboost,20,regression,0.10363254646061335,0.080955829428315,248.8389255096122,-0.45182257080737753,0.4850644942294637
MM,random_forest,1,regression,0.026104866746364946,0.016473866948539636,112.08135444406899,-0.003843437817511175,0.5244755244755245
MM,linear_regression,1,regression,0.026177680758867426,0.01661614463330123,113.18121469259346,-0.00945126637282212,0.5085314685314686
MM,xgboost,1,regression,0.027379252312028434,0.017582392468290384,151.43306710507196,-0.10424690576718354,0.5135664335664336
MM,lightgbm,1,regression,0.027738163715365374,0.018079710093668173,169.22061757662576,-0.13338754867560665,0.5076923076923077
MM,linear_regression,5,regression,0.06171987366471604,0.04011593602513851,143.7879583004707,-0.044017469182240365,0.5148376259798432
MM,random_forest,5,regression,0.06209701563418344,0.04061812350864082,168.31180136997492,-0.056815479686532555,0.5279955207166853
MM,xgboost,5,regression,0.06644841668701179,0.04458409455316915,229.00955181215204,-0.21011594408101986,0.5212765957446809
MM,lightgbm,5,regression,0.06793632612981061,0.04658893602836049,257.3370609008213,-0.26491640019854046,0.5162374020156775
MM,linear_regression,20,regression,0.1209527304807294,0.08216596571598866,211.3752180164589,-0.10667494154124202,0.5433866891322662
MM,random_forest,20,regression,0.143593130081799,0.09647583428516777,297.2161062525696,-0.5597537823589553,0.5369278292614434
MM,xgboost,20,regression,0.14360339608717296,0.098646415002561,317.73172694733074,-0.5599768154956659,0.5332771693344566
MM,lightgbm,20,regression,0.154611363828492,0.10262089024639214,333.04989185366446,-0.8083044236052916,0.5425442291491154
NESTLEIND,random_forest,1,regression,0.015979665046148662,0.01135761053158551,117.61061103436529,-0.02774003175605899,0.5073972602739726
NESTLEIND,linear_regression,1,regression,0.016274234479210354,0.011584296585708642,126.05591689639625,-0.06598002768474154,0.49424657534246574
NESTLEIND,xgboost,1,regression,0.016881008758728187,0.012193542024402575,163.51910702455928,-0.1469506190940253,0.5117808219178083
NESTLEIND,lightgbm,1,regression,0.01713933185590558,0.012462831058509684,175.85332086843005,-0.18232182173020095,0.4997260273972603
NESTLEIND,random_forest,5,regression,0.03574396603552002,0.026983098155347947,179.33974168712393,-0.11896809868615565,0.5208562019758507
NESTLEIND,xgboost,5,regression,0.039341200176470977,0.03005269173168684,246.28754118697108,-0.3555247047892882,0.5049396267837541
NESTLEIND,lightgbm,5,regression,0.03980488312020793,0.030444445824978322,253.25578187665226,-0.3876659557920956,0.5126234906695939
NESTLEIND,linear_regression,5,regression,0.04050666856368277,0.03057849737721542,220.19230617365548,-0.437028166362053,0.5071350164654226
NESTLEIND,random_forest,20,regression,0.0706139645311357,0.05663052687623929,250.6276454074682,-0.2308091095493643,0.552733296521259
NESTLEIND,xgboost,20,regression,0.07546255936671009,0.061263686424363965,301.54549682873017,-0.40563503341849283,0.5273329652125898
NESTLEIND,lightgbm,20,regression,0.07660631062187888,0.06211401117931666,312.7956911234041,-0.4485670624296394,0.5124240750966317
NESTLEIND,linear_regression,20,regression,0.09231268415614774,0.0729238595098501,401.9559112502085,-1.1034503716005735,0.5339591385974599
NTPC,random_forest,1,regression,0.01700151420283314,0.012313590595381355,104.70945537489366,-0.014170506178673214,0.5102865540044085
NTPC,linear_regression,1,regression,0.017228469376275982,0.012514878551169957,113.6786740662755,-0.04142778827698579,0.5073475385745775
NTPC,xgboost,1,regression,0.017686706681163945,0.012915632145982311,136.4141394260907,-0.09756365720297833,0.5213078618662748
NTPC,lightgbm,1,regression,0.018538199197466004,0.013563886304018447,161.88559041115172,-0.2057877296374344,0.5102865540044085
NTPC,random_forest,5,regression,0.03849816012969578,0.02859079734540164,145.7683799939236,-0.06710036500355154,0.5064361897756529
NTPC,linear_regression,5,regression,0.03896512724728319,0.028732214880712054,151.95280193872932,-0.09314435637573393,0.5104817947774917
NTPC,xgboost,5,regression,0.041647979041733486,0.03102424797636359,197.77524854785298,-0.24885835517004207,0.4865759470393527
NTPC,lightgbm,5,regression,0.04338214055564863,0.03227807821106227,247.41004771582203,-0.3550248925187198,0.5090106656859139
NTPC,linear_regression,20,regression,0.07665547010058288,0.057451131264276624,204.6444415926445,-0.17721900609767305,0.5038759689922481
NTPC,random_forest,20,regression,0.08186087438025298,0.06304033705969796,265.3024897708833,-0.34252913928811135,0.47434477667035807
NTPC,xgboost,20,regression,0.08429796492555507,0.06404396573074872,263.20735643459506,-0.42365626268474554,0.46105574012550754
NTPC,lightgbm,20,regression,0.08507284381094796,0.06509695957253797,279.34260423413264,-0.44994945698023403,0.46179401993355484
ONGC,random_forest,1,regression,0.026356719328582568,0.016115323590918676,107.30220865809663,-0.011227177682128664,0.4998601398601399
ONGC,xgboost,1,regression,0.02749915833466262,0.017136251710092167,152.04048854693008,-0.10079090520134493,0.5124475524475525
ONGC,lightgbm,1,regression,0.02795399897627324,0.01748808711443107,162.94901148026256,-0.13750658481065625,0.509090909090909
ONGC,linear_regression,1,regression,0.028626896690349762,0.017154682015257418,146.9589996717134,-0.19292893019372648,0.5001398601398601
ONGC,random_forest,5,regression,0.059504528702001014,0.03817611193905134,158.87841032024528,-0.06182083067887012,0.5181970884658454
ONGC,xgboost,5,regression,0.0634298672753283,0.042583035548096455,256.7094157265108,-0.20653189418087892,0.5263157894736842
ONGC,lightgbm,5,regression,0.06469755059503926,0.04318589032146524,264.49360987058606,-0.2552403152075047,0.5226763717805151
ONGC,linear_regression,5,regression,0.06875365823754126,0.04437329610795323,280.11527943358135,-0.41756448319461525,0.5075587905935051
ONGC,random_forest,20,regression,0.12631304609104213,0.08493871696030128,263.80812260132814,-0.2557665905284596,0.547037349059253
ONGC,xgboost,20,regression,0.1345726085423614,0.09233498388112049,315.42965806158765,-0.4253642084227982,0.5481606290367874
ONGC,lightgbm,20,regression,0.1351304936958415,0.09297959368413998,319.0726434328146,-0.4372067046108359,0.5383319292333614
ONGC,linear_regression,20,regression,0.18044282450055582,0.11850481361179549,497.6672506115043,-1.5626644291559488,0.5318730693625386
POWERGRID,linear_regression,1,regression,0.015470647280534688,0.011275508999197022,112.89857480622307,-0.017124766468071373,0.4986437613019892
POWERGRID,random_forest,1,regression,0.015474174393545224,0.011203988102443739,106.41533164915393,-0.01758860264585027,0.5149186256781193
POWERGRID,xgboost,1,regression,0.016690964631969847,0.012213219557107488,149.57492786061908,-0.18391393879681028,0.49412296564195296
POWERGRID,lightgbm,1,regression,0.017398453333472525,0.012793071634034264,177.85732498738577,-0.286407446111258,0.5
POWERGRID,linear_regression,5,regression,0.03259568847601304,0.023504101549354513,158.23739081387407,-0.059247375685739234,0.5368945224083296
POWERGRID,random_forest,5,regression,0.032652252074570724,0.023734525152216718,142.48314814309717,-0.06292680885773994,0.5291987324581259
POWERGRID,xgboost,5,regression,0.035737310686110045,0.026086116603400922,211.34398115110199,-0.27327090466640525,0.5255771842462653
POWERGRID,lightgbm,5,regression,0.03670978969329301,0.027162454048103402,237.97996035264245,-0.3435099051237489,0.526935264825713
POWERGRID,linear_regression,20,regression,0.0671207649073101,0.05256285392632987,239.62227512989344,-0.36388862023982615,0.5113739763421292
POWERGRID,xgboost,20,regression,0.06735922461800889,0.051705038682936424,239.32461101854793,-0.3735967995916172,0.5332120109190173
POWERGRID,random_forest,20,regression,0.06755772779126014,0.05162253589035821,208.5781577152768,-0.3817045260511229,0.5050045495905369
POWERGRID,lightgbm,20,regression,0.0705046388597392,0.054132164782554754,251.69473692607562,-0.5048752390392115,0.5304822565969063
RELIANCE,random_forest,1,regression,0.02463714071661458,0.015396429434522674,110.93086489901931,-0.019795345852210877,0.5062937062937063
RELIANCE,linear_regression,1,regression,0.02524459724102535,0.01571282843069789,122.91602141711127,-0.07070371623057037,0.5186013986013986
RELIANCE,lightgbm,1,regression,0.026556567548712,0.01683337103335185,164.71020662069583,-0.18488527015634926,0.5018181818181818
RELIANCE,xgboost,1,regression,0.027223142824942252,0.017354488041596602,172.3709147955578,-0.24511349706375518,0.5093706293706294
RELIANCE,random_forest,5,regression,0.05613488072204837,0.03719611559249447,142.19312076948614,-0.07497564293812053,0.5142777155655095
RELIANCE,linear_regression,5,regression,0.06162924874986995,0.040219127278738435,187.19462129902516,-0.2957068753111072,0.5235162374020157
RELIANCE,lightgbm,5,regression,0.06179947464704847,0.041753971086642305,227.6980220710572,-0.3028744938593395,0.5078387458006719
RELIANCE,xgboost,5,regression,0.06220563661454844,0.042272493280255556,226.69301868244406,-0.320056420331271,0.509518477043673
RELIANCE,random_forest,20,regression,0.12120628470804116,0.0863601939174356,240.98752787686487,-0.2641697745834124,0.4720584105588318
RELIANCE,xgboost,20,regression,0.1302748970697738,0.09316304505803744,303.47995367020866,-0.4604160644830333,0.4948048301039034
RELIANCE,lightgbm,20,regression,0.1312385847897985,0.0946410325265172,323.27565072537834,-0.48210236801642914,0.4942431901151362
RELIANCE,linear_regression,20,regression,0.13270548198930734,0.08946665127161102,277.02437011877174,-0.5154194308184394,0.5037910699241785
SBIN,random_forest,1,regression,0.0287146553119179,0.01776707296987461,110.15224601222762,-0.0076709696301136,0.5253146853146853
SBIN,xgboost,1,regression,0.030237505523354604,0.01923292642698147,161.78187449524253,-0.11738658630296417,0.4995804195804196
SBIN,lightgbm,1,regression,0.030739910610862172,0.019666901567471258,176.88149156382795,-0.15482647752497147,0.50993006993007
SBIN,linear_regression,1,regression,0.04200353860586111,0.018643192526629413,127.57530415976561,-1.1561714472957716,0.5197202797202797
SBIN,random_forest,5,regression,0.06872989359707946,0.045047499997650085,159.16818349011825,-0.07029519025505704,0.5204367301231803
SBIN,lightgbm,5,regression,0.07588186107376726,0.05214804311605262,259.36527093100875,-0.3046324554506259,0.5044792833146696
SBIN,xgboost,5,regression,0.07743898960379401,0.05336606707576842,270.26641586274866,-0.35872506245540947,0.5027995520716685
SBIN,linear_regression,5,regression,0.1446590316560307,0.04787886558480338,177.77219307531735,-3.741364436564745,0.5170772676371781
SBIN,random_forest,20,regression,0.15466688841747323,0.1108535666011475,282.50463832268497,-0.33362368190691605,0.499297950014041
SBIN,linear_regression,20,regression,0.15503586759697013,0.11136050614765904,297.2492370477096,-0.33999435811990697,0.5043527099129458
SBIN,xgboost,20,regression,0.15870510420921416,0.11549840742442861,313.8673440569336,-0.40417226631430014,0.4875035102499298
SBIN,lightgbm,20,regression,0.16604527550767428,0.12201144703792934,362.68663750092895,-0.5370629282490962,0.504914349901713
SHREECEM,random_forest,1,regression,0.020902442941765277,0.014973033316838994,121.58079110616356,-0.026242359863734466,0.5158208955223881
SHREECEM,linear_regression,1,regression,0.021437774659514443,0.015516474652527245,145.67753177474702,-0.07948160694410489,0.5011940298507462
SHREECEM,xgboost,1,regression,0.02280884542438484,0.016683334959080913,187.8604380659411,-0.22197535684886383,0.5044776119402985
SHREECEM,lightgbm,1,regression,0.02369814604447726,0.01733022287395509,207.0569132733306,-0.31912085616424823,0.5092537313432836
SHREECEM,random_forest,5,regression,0.052236812071540184,0.039039906530168464,186.7355779343406,-0.13427381077199785,0.5270391395279355
SHREECEM,linear_regression,5,regression,0.056225283309874904,0.0424937178964007,251.03359046068388,-0.3140983806358766,0.5046310128473259
SHREECEM,lightgbm,5,regression,0.05891217845519212,0.0447269527601451,264.3027784049377,-0.44269570865290286,0.5109052883178966
SHREECEM,xgboost,5,regression,0.05976309267093694,0.04506326782934224,266.5199423009936,-0.48467263033325114,0.5112040633403048
SHREECEM,linear_regression,20,regression,0.1301415959972912,0.09986725099238754,340.35495866734607,-0.5902103953647861,0.54210368594546
SHREECEM,random_forest,20,regression,0.14275886260140846,0.10984493512119317,398.3679279446249,-0.9135001016343376,0.5424033563080611
SHREECEM,xgboost,20,regression,0.1504229116442496,0.11400705674096494,396.3495631178788,-1.1244685822930527,0.49835181300569376
SHREECEM,lightgbm,20,regression,0.15516133308617303,0.11731576927630154,406.1647243761751,-1.2604210125582154,0.516332034761762
SUNPHARMA,random_forest,1,regression,0.025872372035622485,0.015071512004778118,110.05344345791445,-0.005278097664904058,0.5051748251748251
SUNPHARMA,xgboost,1,regression,0.026759055667689803,0.01602730199780005,149.3896748838414,-0.07536349953680754,0.5088111888111888
SUNPHARMA,lightgbm,1,regression,0.027021980944666492,0.01634024045887714,164.42469421787973,-0.0965996226420287,0.5093706293706294
SUNPHARMA,linear_regression,1,regression,0.02707497515693783,0.01625540150974795,153.04316653474118,-0.10090503740316326,0.49874125874125874
SUNPHARMA,random_forest,5,regression,0.0572721763251912,0.03479489678184529,160.33096376296157,-0.021712290590328864,0.5428331466965286
SUNPHARMA,xgboost,5,regression,0.060847839485195995,0.0379606132336115,220.72070980729447,-0.15327152610794648,0.5237961926091825
SUNPHARMA,lightgbm,5,regression,0.0610641413983641,0.03875540122619881,253.54575206534852,-0.16148539929290395,0.5442329227323628
SUNPHARMA,linear_regression,5,regression,0.066344808567319,0.04233722132111914,266.98537876321814,-0.37105581593295933,0.5067189249720044
SUNPHARMA,xgboost,20,regression,0.11664573180087319,0.0787932355436907,233.43166191380615,-0.13466031506584897,0.5689413086211739
SUNPHARMA,random_forest,20,regression,0.11794976872628518,0.07901916871634285,207.2390183328742,-0.16017191693771116,0.5285032294299354
SUNPHARMA,lightgbm,20,regression,0.12154141684836339,0.08188236375923783,249.2300743141394,-0.23190367534121203,0.5759618084807638
SUNPHARMA,linear_regression,20,regression,0.18182356091332677,0.12002456566667798,447.7095088767407,-1.756947393805755,0.4925582701488346
TATAMOTORS,random_forest,1,regression,0.03219777499587557,0.020883920485624808,114.30792112181618,-0.02479451309046854,0.5012587412587413
TATAMOTORS,lightgbm,1,regression,0.03676082723929451,0.023718788694902015,186.69390701193916,-0.3358436211073401,0.5076923076923077
TATAMOTORS,xgboost,1,regression,0.03799464582762925,0.02301802486636769,160.4615804480429,-0.42701937694334324,0.5006993006993007
TATAMOTORS,linear_regression,1,regression,0.038152361399403825,0.02166576360881985,135.36914114006936,-0.4388910651813951,0.502937062937063
TATAMOTORS,random_forest,5,regression,0.07765732975593506,0.05272914972405972,157.52070173395077,-0.09000378905150286,0.5011198208286675
TATAMOTORS,xgboost,5,regression,0.08553011540034795,0.05833152264732764,227.10210500041762,-0.32221237360155386,0.4958006718924972
TATAMOTORS,lightgbm,5,regression,0.08845506104139457,0.06049061159958585,243.39099960601263,-0.4141923191864407,0.5058790593505039
TATAMOTORS,linear_regression,5,regression,0.08942150563059878,0.055214744228327284,200.03148022270776,-0.4452635744038662,0.5221164613661814
TATAMOTORS,random_forest,20,regression,0.1784851109458046,0.1264978652899017,271.8176492589025,-0.22819192053319837,0.495085650098287
TATAMOTORS,xgboost,20,regression,0.18569002601972429,0.13016513101266258,299.016499751163,-0.32935019376087427,0.5144622297107554
TATAMOTORS,lightgbm,20,regression,0.18961745058392523,0.1341519179456174,302.9851545792669,-0.3861775323845549,0.4962089300758214
TATAMOTORS,linear_regression,20,regression,0.20492507963912002,0.1407647666976479,367.6501364265902,-0.6190209708512713,0.5254142094917158
TATASTEEL,random_forest,1,regression,0.02805420902694518,0.020218523397728203,112.04384458190029,-0.018574158593375634,0.5060139860139861
TATASTEEL,linear_regression,1,regression,0.02852927541210091,0.020404221066261753,120.4113440158205,-0.05336304974626915,0.5132867132867133
TATASTEEL,xgboost,1,regression,0.031002602518518056,0.022131539572815453,159.27127797551708,-0.24392129130485962,0.5004195804195805
TATASTEEL,lightgbm,1,regression,0.03147380880291654,0.022380479928051946,166.6293997350563,-0.2820211834471953,0.4951048951048951
TATASTEEL,linear_regression,5,regression,0.06711430407763207,0.04864227113665624,162.89338106671136,-0.0743023057006067,0.526875699888018
TATASTEEL,random_forest,5,regression,0.06733468615422465,0.04911634977125103,159.80113989966057,-0.08136922514978284,0.5061590145576708
TATASTEEL,lightgbm,5,regression,0.07714700249537128,0.056325351696458296,256.992786626197,-0.41949686666755137,0.5044792833146696
TATASTEEL,xgboost,5,regression,0.07822764267820627,0.05647764713696053,240.44747725316168,-0.45954272324414003,0.4876819708846585
TATASTEEL,linear_regression,20,regression,0.15161047989196105,0.11290197362500426,249.39083767338875,-0.1575233706689836,0.511934849761303
TATASTEEL,random_forest,20,regression,0.16513206056464494,0.1229962532845347,273.02896981183926,-0.3732010404742112,0.47486661050266776
TATASTEEL,lightgbm,20,regression,0.17194393190820167,0.1272941336702747,309.42818171917196,-0.488829724293256,0.4970513900589722
TATASTEEL,xgboost,20,regression,0.179632399045042,0.1290637909439372,314.51088202036226,-0.624952474632958,0.4959281100814378
TCS,random_forest,1,regression,0.01907695366626481,0.01217594115527149,112.9953593554242,-0.0077497067174716605,0.5181290790427846
TCS,linear_regression,1,regression,0.019574531730800263,0.012753547072452211,149.43887120050897,-0.0610049098841583,0.5116026105873822
TCS,lightgbm,1,regression,0.021056086176566645,0.013970111363643857,191.1921990725209,-0.22769342343147314,0.5192168237853517
TCS,xgboost,1,regression,0.021128994528654365,0.013574683088684092,178.30955901258045,-0.23621011259880587,0.5239303843364757
TCS,random_forest,5,regression,0.043454505862703455,0.029746428775604256,178.80817434278808,-0.09965786438744195,0.5618874773139746
TCS,linear_regression,5,regression,0.04671266000812007,0.033039946137028126,261.5317672583466,-0.27074131434037363,0.5509981851179674
TCS,xgboost,5,regression,0.04952864196362709,0.033691810121677206,248.13897906131936,-0.42856759067628514,0.5455535390199637
TCS,lightgbm,5,regression,0.05272351062977936,0.03685792788464248,309.83559436697124,-0.6188126655501109,0.541923774954628
TCS,random_forest,20,regression,0.08555998335554808,0.06010420733800505,191.56629833193054,-0.20034824129510742,0.5331632653061225
TCS,xgboost,20,regression,0.08715542116127513,0.06162165371439271,232.23265488387847,-0.2455314251778573,0.543731778425656
TCS,lightgbm,20,regression,0.0883405033844479,0.062189227240884846,238.10649930154995,-0.2796335466255242,0.5663265306122449
TCS,linear_regression,20,regression,0.10166653818735927,0.07401537874837487,353.04977450385377,-0.6948136348233445,0.5670553935860059
TECHM,random_forest,1,regression,0.02489809209896844,0.0144509198417199,120.65837736154808,-0.026913630623704554,0.513929313929314
TECHM,linear_regression,1,regression,0.02622634932069961,0.015852720920016786,171.04906044911675,-0.13940327456605894,0.4935550935550936
TECHM,xgboost,1,regression,0.027455782734116224,0.016905919349654453,200.56044099808867,-0.24873256979680058,0.511018711018711
TECHM,lightgbm,1,regression,0.02758619116364239,0.01717686340376364,208.63503869313607,-0.2606231061542865,0.4993762993762994
TECHM,random_forest,5,regression,0.059156041545183204,0.03862493279286911,270.6347943384421,-0.1873075995172464,0.5212323064113239
TECHM,lightgbm,5,regression,0.06313157954001986,0.042023007285300444,316.5108586287022,-0.35225422763630854,0.5374687760199833
TECHM,xgboost,5,regression,0.0650204284205697,0.04367814740533332,333.34078145423786,-0.4343815503645223,0.515820149875104
TECHM,linear_regression,5,regression,0.07106834430759668,0.04741690806313758,352.9938567691622,-0.7136314830154289,0.5104079933388843
TECHM,xgboost,20,regression,0.1754824315003949,0.1270185639178334,621.7208347064012,-1.6109500348677108,0.5514214046822743
TECHM,lightgbm,20,regression,0.20563918203967335,0.15088016007033983,743.7689699856436,-2.5854445432211444,0.5363712374581939
TECHM,random_forest,20,regression,0.254671342221771,0.18840479754562445,890.8512656410678,-4.49909760988614,0.5363712374581939
TECHM,linear_regression,20,regression,0.2881473835248445,0.19168556345535018,869.5964827583962,-6.039805087441924,0.5760869565217391
TITAN,random_forest,1,regression,0.029382995185026895,0.01734141728371146,114.67054836541139,-0.016657183222851923,0.5110489510489511
TITAN,xgboost,1,regression,0.03136458209193178,0.019176681985937753,172.2170095323814,-0.15840764808794927,0.5124475524475525
TITAN,linear_regression,1,regression,0.03137592515588029,0.018168652049115174,147.1845402838346,-0.1592456804919089,0.5160839160839161
TITAN,lightgbm,1,regression,0.03141543494299143,0.019517145949692637,189.88339296811918,-0.16216705331938663,0.5135664335664336
TITAN,random_forest,5,regression,0.06538462523296075,0.041380642333494796,171.0762370743271,-0.06286510003760193,0.5520716685330347
TITAN,linear_regression,5,regression,0.066864481619146,0.04352802459914352,223.86987484795512,-0.11152141207220279,0.5663493840985442
TITAN,xgboost,5,regression,0.07138828251191309,0.047946194264388446,257.32884354803673,-0.2670120245574439,0.520996640537514
TITAN,lightgbm,5,regression,0.08273664702802078,0.06043813204950479,393.5983996784052,-0.7018555794252848,0.5002799552071668
TITAN,random_forest,20,regression,0.13854055937478196,0.09656330257979262,262.1497136058616,-0.23053088261142007,0.5445099691098007
TITAN,xgboost,20,regression,0.1491281088314333,0.1065445623089926,303.328016750625,-0.4257968956005487,0.514743049705139
TITAN,lightgbm,20,regression,0.1495332608036109,0.10922694025557594,332.4039211378513,-0.4335546433446875,0.5094074698118506
TITAN,linear_regression,20,regression,0.17989071864793832,0.10901612989462235,369.60718772165234,-1.074704063443741,0.611625947767481
ULTRACEMCO,linear_regression,1,regression,0.017917799459582915,0.013108118741251224,120.21671453544292,-0.02874254618947991,0.4938361131254532
ULTRACEMCO,random_forest,1,regression,0.017961019409686304,0.013137965562818474,120.61234503262219,-0.033711440476155596,0.5043509789702683
ULTRACEMCO,xgboost,1,regression,0.020344764794351888,0.015175482805243227,197.95977335931258,-0.32630285690173233,0.5018129079042785
ULTRACEMCO,lightgbm,1,regression,0.020356878807322877,0.015249719035589816,205.59561938529845,-0.32788278506191304,0.504713560551124
ULTRACEMCO,linear_regression,5,regression,0.04194391193629175,0.03124608091580951,159.72936958092095,-0.10763759010906404,0.5214078374455733
ULTRACEMCO,random_forest,5,regression,0.04370702364943888,0.03301811617992901,187.97442435754218,-0.2027137784275943,0.5177793904208998
ULTRACEMCO,xgboost,5,regression,0.049795572210031926,0.03801963132713464,269.1774851230553,-0.561137927290781,0.502177068214804
ULTRACEMCO,lightgbm,5,regression,0.05107483580932857,0.0392326450047151,288.96662811307414,-0.6423804948656082,0.5163280116110305
ULTRACEMCO,random_forest,20,regression,0.09956833202609842,0.07859084308417483,331.7183047186587,-0.5589072698258382,0.516575591985428
ULTRACEMCO,linear_regression,20,regression,0.10208697144189839,0.08107449113832009,330.03835682466723,-0.6387717119875611,0.5045537340619308
ULTRACEMCO,xgboost,20,regression,0.106447461461805,0.08409760337007464,370.20995781045417,-0.7817568473185004,0.5162112932604735
ULTRACEMCO,lightgbm,20,regression,0.10985402289137411,0.0870645418331189,402.6277813139573,-0.8976221880801676,0.5180327868852459
UPL,random_forest,1,regression,0.024744995210484514,0.017482139086390954,120.65275914764631,-0.03346035550906934,0.5071653268088081
UPL,linear_regression,1,regression,0.025132689133885347,0.017871277084515993,132.84500816661102,-0.06609766498924596,0.5026214610276127
UPL,lightgbm,1,regression,0.028967773996589997,0.021303451896347435,232.4386952112224,-0.41628064529421094,0.505417686123733
UPL,xgboost,1,regression,0.029483586222536887,0.020820278464061658,211.57831120311968,-0.46716746705095,0.5029709891646278
UPL,linear_regression,5,regression,0.058083364893125655,0.042407613798193355,175.62876280616956,-0.1311603284409073,0.4924798880727527
UPL,random_forest,5,regression,0.06007084709378151,0.04414109718208043,197.18349311027683,-0.20989628086595835,0.4910807974816369
UPL,lightgbm,5,regression,0.07425142450919463,0.05502523921089018,349.9623213878053,-0.8485457745702887,0.49213011542497376
UPL,xgboost,5,regression,0.07433817042618315,0.054538123773511415,338.44687232064945,-0.8528675089439672,0.4956278419027632
UPL,linear_regression,20,regression,0.127254285290886,0.096749786615223,277.9292616772479,-0.4139376547031104,0.4652387640449438
UPL,xgboost,20,regression,0.13464757249822548,0.1012644886116815,366.92862999420714,-0.5830057207259993,0.5063202247191011
UPL,random_forest,20,regression,0.13542950151928976,0.10244720302433348,340.6634982134527,-0.601444853015404,0.4743679775280899
UPL,lightgbm,20,regression,0.13621064167808902,0.10372377342909664,363.8167305620494,-0.6199719913623525,0.4936797752808989
VEDL,random_forest,1,regression,0.03469293723964042,0.022354151959168005,126.5437177485983,-0.019610535386363148,0.5089535534415222
VEDL,linear_regression,1,regression,0.03632067174709775,0.023148717797566925,147.58245734206372,-0.11753187097207984,0.5075545607162842
VEDL,lightgbm,1,regression,0.03734655680182846,0.02477856821753388,189.47698986983028,-0.18155327699793467,0.49972020145495244
VEDL,xgboost,1,regression,0.04608296646529247,0.02733132070402366,210.88870206137514,-0.7990077283010697,0.5123111359820929
VEDL,random_forest,5,regression,0.08724577670388618,0.059481843462655275,216.88548441084947,-0.21834402055862978,0.5077009241108933
VEDL,lightgbm,5,regression,0.10313547413046165,0.07087004585588436,319.31327719798793,-0.7025397033789014,0.5001400168020163
VEDL,xgboost,5,regression,0.10375379314468046,0.0702403212852711,315.3101591174129,-0.7230150693514985,0.5093811257350882
VEDL,linear_regression,5,regression,0.10457389582581457,0.06383026743668753,226.38950416424186,-0.7503612285315049,0.49145897507700925
VEDL,random_forest,20,regression,0.19439134062472213,0.14197745543872375,354.7385669505547,-0.33594328553015784,0.5366470092670598
VEDL,xgboost,20,regression,0.203908167093397,0.14893985916113303,403.7077780213547,-0.46995294751641725,0.5473181690536366
VEDL,lightgbm,20,regression,0.21286529768240556,0.15700870696258076,452.26901805486443,-0.6019314384163343,0.5478798090424039
VEDL,linear_regression,20,regression,0.25288941309939045,0.17056147633269797,391.412195902541,-1.2609735865070344,0.511934849761303
WIPRO,random_forest,1,regression,0.023459041972937498,0.01471184158659144,119.97263116476194,-0.0354000818094784,0.5023776223776224
WIPRO,linear_regression,1,regression,0.024155976883635973,0.015396894113729862,154.48685437598593,-0.09783446573604526,0.5023776223776224
WIPRO,lightgbm,1,regression,0.02584141598616151,0.01682619349680139,195.00352715016126,-0.2563778317052219,0.4813986013986014
WIPRO,xgboost,1,regression,0.039201041415124836,0.01840830200303959,235.61122689694952,-1.891231451822664,0.49454545454545457
WIPRO,random_forest,5,regression,0.05255711290984713,0.034295171975430076,150.45149386237725,-0.088655071386611,0.513437849944009
WIPRO,lightgbm,5,regression,0.05932808497855147,0.03898817749606956,242.3760488810115,-0.3872283629330395,0.5103583426651735
WIPRO,linear_regression,5,regression,0.06016198579203614,0.03990043317233954,246.03963462952595,-0.42649950353010335,0.5159574468085106
WIPRO,xgboost,5,regression,0.06111786170927765,0.03917644718156563,218.25236781443533,-0.47218911463112545,0.503919372900336
WIPRO,random_forest,20,regression,0.12505025644354428,0.08867876658429881,312.3178214715334,-0.4176677411567524,0.5551811288963774
WIPRO,xgboost,20,regression,0.1279522864419523,0.09019850708052948,337.8286024760727,-0.4842306154837954,0.542825049143499
WIPRO,lightgbm,20,regression,0.13333294142901334,0.09549762542845755,372.77630893448213,-0.611685148562815,0.5279415894411682
WIPRO,linear_regression,20,regression,0.17794000570765395,0.11135895092717231,514.4291305419649,-1.8704665089028927,0.5504071889918563
ZEEL,random_forest,1,regression,0.03006529422897377,0.019960952743997715,133.16706086382732,-0.03983806499069287,0.4976223776223776
ZEEL,linear_regression,1,regression,0.031192675904907038,0.020108448280886083,127.60342611763562,-0.11928339404695842,0.5048951048951049
ZEEL,lightgbm,1,regression,0.03408496335720336,0.023853086150945498,235.03349425659144,-0.3364738255636992,0.4993006993006993
ZEEL,xgboost,1,regression,0.046715422269205824,0.028762595531740955,328.16309791910965,-1.5104718298090662,0.5051748251748251
ZEEL,linear_regression,5,regression,0.06940393779670385,0.0472985066434403,174.27079306019982,-0.2694460113877044,0.4977603583426652
ZEEL,random_forest,5,regression,0.07400938443762856,0.053035316994088595,261.6071423342602,-0.4435093314975982,0.5016797312430011
ZEEL,xgboost,5,regression,0.08758982846738607,0.06235205788161004,391.63782103901247,-1.021870628185019,0.49300111982082867
ZEEL,lightgbm,5,regression,0.08825443317535606,0.06604001493982134,446.53888480973086,-1.0526696997922138,0.5011198208286675
ZEEL,linear_regression,20,regression,0.1569712663621486,0.10564150084023613,269.84362814725233,-0.7669392396559829,0.5164279696714406
ZEEL,random_forest,20,regression,0.1675349258453183,0.11747095038139792,365.9116129663335,-1.012760065530597,0.5088458298230834
ZEEL,xgboost,20,regression,0.17074140982093755,0.12458317436303769,446.96502334424497,-1.0905425808192137,0.4883459702330806
ZEEL,lightgbm,20,regression,0.19152128286499293,0.14043823304533531,525.4203207420354,-1.6303611160205729,0.4919966301600674
